task,property,verdict,category,n_loops,config,mode,pred_kind,pred_k,pred_schedule,pred_cost,true_outcome,true_kstar,true_cost,verified,verify_detail,tightness,margin_analytic,margin_empirical,margin_detail,outcome
array-cav19/array_init_pair_sum_const.yml,reach,safe,constant,3,blind,full,schedule,,main.0:100001;main.1:100001;main.2:100000,300002,timeout,,,inconclusive,,,,,1.5x:inconclusive;2.0x:inconclusive;4.0x:inconclusive,failed
array-crafted/bAnd1.yml,overflow,safe,constant,3,blind,full,schedule,,bAnd.0:100;main.0:101;main.1:100,301,found,101,301,works,"identical to k*, not re-run",1.0,,,,works
array-cav19/array_doub_access_init_const.yml,reach,safe,constant,2,blind,full,schedule,,main.0:100002;main.1:200002,300004,timeout,,,inconclusive,,,,,1.5x:inconclusive;2.0x:inconclusive;4.0x:inconclusive,failed
array-crafted/bAnd1.yml,reach,safe,constant,3,blind,full,schedule,,bAnd.0:100;main.0:101;main.1:100,301,found,101,301,works,"identical to k*, not re-run",1.0,,,,works
array-crafted/bor1.yml,overflow,safe,constant,3,blind,full,schedule,,bor.0:100;main.0:101;main.1:100,301,found,101,301,works,"identical to k*, not re-run",1.0,,,,works
array-crafted/bAnd3.yml,reach,safe,constant,3,blind,full,schedule,,bAnd.0:10001;main.0:10001;main.1:10000,30002,timeout,,,works,,,,,,works
array-crafted/xor2.yml,overflow,safe,constant,3,blind,full,schedule,,main.0:1001;main.1:1000;xor.0:1000,3001,timeout,,,timeout,,,,,,verify_timeout
array-examples/standard_copy5_ground-1.yml,reach,safe,constant,7,blind,full,uniform,100001,,700007,timeout,,,inconclusive,,,,,1.5x:inconclusive;2.0x:inconclusive;4.0x:inconclusive,failed
array-examples/data_structures_set_multi_proc_ground-2.yml,reach,safe,mixed,8,blind,full,uniform,100001,,20001000008,timeout,,,timeout,,,,,,verify_timeout
array-fpi/s52iff.yml,reach,unsafe,input-bounded,3,blind,full,uniform,2,,6,timeout,,,insufficient,,,,,1.5x:insufficient;2.0x:insufficient;4.0x:insufficient,failed
array-fpi/s2iff.yml,reach,unsafe,input-bounded,2,blind,full,uniform,2,,4,timeout,,,insufficient,,,,,1.5x:insufficient;2.0x:insufficient;4.0x:insufficient,failed
array-fpi/ssina.yml,reach,safe,input-bounded,6,blind,full,uniform,2,,12,timeout,,,insufficient,,,,,1.5x:insufficient;2.0x:insufficient;4.0x:insufficient,failed
array-memsafety-realloc/array-realloc-2.yml,overflow,safe,constant,1,blind,full,schedule,,expandArray.0:100,100,found,100,100,works,"identical to k*, not re-run",1.0,,,,works
array-memsafety-realloc/array-realloc-2.yml,memsafety,safe,constant,1,blind,full,uniform,100,,100,found,100,100,works,"identical to k*, not re-run",1.0,,,,works
array-lopstr16/motivex.yml,reach,safe,constant,3,blind,full,schedule,,main.0:1000001;main.1:1000001;main.2:1000001,3000003,timeout,,,timeout,,,,,,verify_timeout
array-memsafety-realloc/array-realloc-3.yml,memsafety,unsafe,constant,1,blind,full,schedule,,expandArray.0:1,1,found,100,100,insufficient,,,100.0,,1.5x:insufficient;2.0x:insufficient;4.0x:insufficient,failed
array-multidimensional/copy-2-u.yml,reach,safe,constant,6,blind,full,schedule,,main.0:1001;main.1:1001;main.2:1001;main.3:1001;main.4:1001;main.5:1001,3009006,timeout,,,timeout,,,,,,verify_timeout
array-multidimensional/diff-2-n-u.yml,reach,safe,constant,8,blind,full,schedule,,main.0:1001;main.1:1501;main.2:1001;main.3:1501;main.4:1001;main.5:1501;main.6:1001;main.7:1501,6016008,timeout,,,inconclusive,,,,,1.5x:timeout;2.0x:timeout;4.0x:timeout,failed
array-patterns/array28_pattern.yml,reach,safe,input-bounded,4,blind,full,unbounded,,,,timeout,,,not_run,,,,,,abstain_warranted
array-patterns/array25_pattern.yml,reach,safe,input-bounded,4,blind,full,unbounded,,,,timeout,,,not_run,,,,,,abstain_warranted
array-patterns/array17_pattern.yml,reach,safe,mixed,5,blind,full,unbounded,,,,timeout,,,not_run,,,,,,abstain_warranted
array-memsafety/reverse_array_alloca_unsafe.yml,memsafety,unsafe,mixed,3,blind,full,uniform,2,,6,timeout,,,insufficient,,,,,1.5x:insufficient;2.0x:insufficient;4.0x:insufficient,failed
array-patterns/array5_pattern.yml,reach,safe,mixed,3,blind,full,unbounded,,,,timeout,,,not_run,,,,,,abstain_warranted
bitvector/gcd_1.yml,reach,safe,data-dependent,1,blind,full,uniform,11,,11,found,2,2,works,,5.5,,,,works
array-tiling/pr5.yml,overflow,safe,input-bounded,2,blind,full,unbounded,,,,timeout,,,not_run,,,,,,abstain_warranted
bitvector/gcd_2.yml,reach,safe,data-dependent,1,blind,full,uniform,11,,11,found,11,11,works,"identical to k*, not re-run",1.0,,,,works
bitvector/gcd_1.yml,overflow,safe,data-dependent,1,blind,full,uniform,0,,0,found,2,2,insufficient,,,,,1.5x:insufficient;2.0x:insufficient;4.0x:insufficient,failed
bitvector/parity.yml,reach,safe,data-dependent,1,blind,full,uniform,33,,33,found,33,33,works,"identical to k*, not re-run",1.0,,,,works
bitvector/gcd_2.yml,overflow,safe,data-dependent,1,blind,full,uniform,0,,0,found,11,11,insufficient,,,,,1.5x:insufficient;2.0x:insufficient;4.0x:insufficient,failed
bitvector/s3_clnt_3.BV.c.cil-1a.yml,overflow,safe,data-dependent,1,blind,full,unbounded,,,,found,15,15,not_run,,,,,,abstain_unwarranted
bitvector/soft_float_1-2a.c.cil.yml,reach,safe,data-dependent,2,blind,full,uniform,1,,2,found,24,32,insufficient,,,16.0,,1.5x:insufficient;2.0x:insufficient;4.0x:insufficient,failed
bitvector/s3_clnt_2.BV.c.cil-1a.yml,reach,safe,data-dependent,1,blind,full,schedule,,ssl3_connect.0:20,20,found,15,15,works,,1.333,,,,works
bitvector/s3_clnt_3.BV.c.cil-1a.yml,reach,safe,data-dependent,1,blind,full,unbounded,,,,found,15,15,not_run,,,,,,abstain_unwarranted
bitvector/soft_float_2a.c.cil.yml,overflow,safe,data-dependent,2,blind,full,schedule,,base2flt.0:25;base2flt.1:8,33,found,24,32,works,,1.031,,,,works
bitvector/soft_float_2a.c.cil.yml,reach,safe,data-dependent,2,blind,full,uniform,25,,50,found,24,32,works,,1.562,,,,works
bitvector/soft_float_3a.c.cil.yml,reach,safe,data-dependent,2,blind,full,schedule,,base2flt.0:25;base2flt.1:8,33,found,24,32,works,,1.031,,,,works
bitvector/soft_float_4-2a.c.cil.yml,overflow,safe,data-dependent,2,blind,full,schedule,,base2flt.0:25;base2flt.1:8,33,found,24,32,works,,1.031,,,,works
bitvector/soft_float_4-2a.c.cil.yml,reach,safe,data-dependent,2,blind,full,schedule,,base2flt.0:25;base2flt.1:8,33,found,24,32,works,,1.031,,,,works
heap-data/packet_filter.yml,reach,safe,data-dependent,3,blind,full,unbounded,,,,timeout,,,not_run,,,,,,abstain_warranted
forester-heap/sll-optional-1.yml,reach,safe,mixed,4,blind,full,unbounded,,,,found,127,379,not_run,,,,,,abstain_unwarranted
forester-heap/sll-simple-white-blue-1.yml,reach,safe,mixed,6,blind,full,unbounded,,,,timeout,,,not_run,,,,,,abstain_warranted
bitvector/soft_float_5a.c.cil.yml,overflow,safe,data-dependent,2,blind,full,schedule,,base2flt.0:25;base2flt.1:8,33,found,24,32,works,,1.031,,,,works
ldv-memsafety/ArraysOfVariableLength.yml,memsafety,safe,mixed,3,blind,full,uniform,101,,303,found,101,303,works,"identical to k*, not re-run",1.0,,,,works
infeasible-control-flow/conflict_branch3.yml,reach,safe,data-dependent,1,blind,full,unbounded,,,,timeout,,,not_run,,,,,,abstain_warranted
ldv-memsafety/ArraysOfVariableLength4.yml,overflow,safe,mixed,3,blind,full,uniform,33,,99,found,33,99,works,"identical to k*, not re-run",1.0,,,,works
ldv-memsafety/ArraysOfVariableLength6.yml,overflow,safe,mixed,3,blind,full,uniform,33,,99,found,33,99,works,"identical to k*, not re-run",1.0,,,,works
heap-manipulation/dll_of_dll-1.yml,reach,safe,mixed,24,blind,full,unbounded,,,,found,13,8268,not_run,,,,,,abstain_unwarranted
ldv-memsafety/ArraysWithLenghtAtDeclaration_-read.yml,memsafety,unsafe,mixed,3,blind,full,uniform,34,,102,found,34,67,works,"identical to k*, not re-run",1.522,,,,works
ldv-memsafety/memleaks_test12-2.yml,overflow,safe,mixed,2,blind,full,uniform,3,,6,found,3,6,works,"identical to k*, not re-run",1.0,,,,works
ldv-memsafety/memleaks_test12-1.yml,memsafety,unsafe,mixed,2,blind,full,uniform,3,,6,found,3,6,works,"identical to k*, not re-run",1.0,,,,works
ldv-memsafety/memleaks_test13_2.yml,memsafety,unsafe,data-dependent,2,blind,full,schedule,,free_unsafe_13.0:2;ldv_destroy_msgs.0:0,2,found,2,2,works,"identical to k*, not re-run",1.0,,,,works
ldv-memsafety/memleaks_test18.yml,memsafety,safe,mixed,3,blind,full,schedule,,entry_point.0:11;entry_point.1:11;ldv_destroy_msgs.0:1,23,found,11,22,works,,1.045,,,,works
ldv-memsafety/memleaks_test18_1.yml,overflow,safe,mixed,3,blind,full,schedule,,entry_point.0:11;entry_point.1:11;ldv_destroy_msgs.0:1,23,found,11,22,works,,1.045,,,,works
ldv-memsafety/memleaks_test18_2.yml,memsafety,unsafe,mixed,3,blind,full,uniform,10,,30,found,11,21,insufficient,,,,1.5,1.5x:works,failed
ldv-regression/ex3_forlist.yml,reach,safe,constant,3,blind,full,uniform,3,,9,found,3,8,works,"identical to k*, not re-run",1.125,,,,works
ldv-regression/test23-1.yml,reach,unsafe,data-dependent,1,blind,full,uniform,12,,12,found,12,12,works,"identical to k*, not re-run",1.0,,,,works
ldv-memsafety/memleaks_test23_2.yml,memsafety,unsafe,data-dependent,3,blind,full,unbounded,,,,found,2,2,not_run,,,,,,abstain_unwarranted
ldv-regression/test22-1.yml,reach,safe,data-dependent,1,blind,full,schedule,,main.0:1,1,found,11,11,insufficient,,,11.0,,1.5x:insufficient;2.0x:insufficient;4.0x:insufficient,failed
ldv-regression/test23-2.yml,reach,safe,data-dependent,1,blind,full,uniform,11,,11,found,11,11,works,"identical to k*, not re-run",1.0,,,,works
ldv-regression/test23-2.yml,overflow,safe,data-dependent,1,blind,full,uniform,11,,11,found,11,11,works,"identical to k*, not re-run",1.0,,,,works
ldv-regression/test23-2.yml,memsafety,safe,data-dependent,1,blind,full,schedule,,main.0:11,11,found,11,11,works,"identical to k*, not re-run",1.0,,,,works
ldv-regression/test24-1.yml,reach,safe,data-dependent,1,blind,full,uniform,11,,11,found,11,11,works,"identical to k*, not re-run",1.0,,,,works
ldv-regression/test24-1.yml,memsafety,safe,data-dependent,1,blind,full,uniform,11,,11,found,11,11,works,"identical to k*, not re-run",1.0,,,,works
ldv-regression/test24-1.yml,overflow,safe,data-dependent,1,blind,full,uniform,11,,11,found,11,11,works,"identical to k*, not re-run",1.0,,,,works
ldv-regression/test24-2.yml,reach,unsafe,mixed,2,blind,full,schedule,,main.0:21;main.1:1,22,found,21,21,works,reach_error.assertion.1,1.048,,,,works
ldv-regression/test_while_int.c_1.yml,reach,unsafe,constant,1,blind,full,uniform,3,,3,found,3,3,works,"identical to k*, not re-run",1.0,,,,works
ldv-regression/test_while_int.yml,reach,unsafe,constant,1,blind,full,uniform,3,,3,found,3,3,works,"identical to k*, not re-run",1.0,,,,works
ldv-regression/test27-1.yml,reach,safe,mixed,2,blind,full,uniform,11,,22,found,11,22,works,"identical to k*, not re-run",1.0,,,,works
ldv-sets/test_mutex.yml,reach,safe,data-dependent,2,blind,full,uniform,3,,6,found,3,5,works,"identical to k*, not re-run",1.2,,,,works
ldv-sets/test_mutex_unlock_at_exit.yml,reach,unsafe,data-dependent,2,blind,full,uniform,3,,6,found,3,5,works,"identical to k*, not re-run",1.2,,,,works
ldv-sets/test_mutex_double_unlock.yml,reach,unsafe,data-dependent,2,blind,full,uniform,2,,4,found,3,5,insufficient,,,1.25,1.5,1.5x:works,failed
locks/test_locks_8.yml,reach,safe,data-dependent,1,blind,full,unbounded,,,,timeout,,,not_run,,,,,,abstain_warranted
list-ext-properties/test-0513_1.yml,overflow,safe,data-dependent,4,blind,full,schedule,,main.0:6;main.1:2;main.2:5;main.3:6,27,found,6,37,insufficient,,,1.37,2.0,1.5x:insufficient;2.0x:works,failed
list-ext-properties/test-0513_1.yml,memsafety,safe,data-dependent,4,blind,full,schedule,,main.0:6;main.1:5;main.2:2;main.3:6,24,found,6,37,insufficient,,,1.542,4.0,1.5x:insufficient;2.0x:insufficient;4.0x:works,failed
list-properties/list_search-2.yml,reach,safe,data-dependent,4,blind,full,schedule,,delete_list.0:3;main.0:5;main.1:4;search_list.0:4,16,found,5,16,works,"identical to k*, not re-run",1.0,,,,works
locks/test_locks_9.yml,reach,safe,data-dependent,1,blind,full,uniform,1,,1,timeout,,,insufficient,,,,,1.5x:insufficient;2.0x:insufficient;4.0x:insufficient,failed
loop-acceleration/diamond_1-2.yml,reach,unsafe,constant,1,blind,full,uniform,51,,51,found,100,100,insufficient,,,1.961,2.0,1.5x:insufficient;2.0x:works,failed
loop-acceleration/underapprox_1-1.yml,reach,unsafe,constant,1,blind,full,uniform,7,,7,found,7,7,works,"identical to k*, not re-run",1.0,,,,works
loop-acceleration/phases_1-2.yml,reach,unsafe,constant,1,blind,full,schedule,,main.0:134250489,134250489,timeout,,,timeout,,,,,,verify_timeout
loop-acceleration/underapprox_2-1.yml,reach,unsafe,constant,1,blind,full,uniform,7,,7,found,7,7,works,"identical to k*, not re-run",1.0,,,,works
loop-industry-pattern/aiob_2.yml,reach,safe,data-dependent,1,blind,full,schedule,,Id_MCDC_95.0:43,43,found,42,42,works,,1.024,,,,works
loop-industry-pattern/aiob_1.yml,reach,safe,data-dependent,1,blind,full,uniform,42,,42,found,42,42,works,"identical to k*, not re-run",1.0,,,,works
loop-invariants/bin-suffix-5.yml,reach,safe,data-dependent,1,blind,full,unbounded,,,,timeout,,,not_run,,,,,,abstain_warranted
loop-industry-pattern/aiob_3.yml,reach,safe,data-dependent,1,blind,full,schedule,,Id_MCDC_95:42;Id_MCDC_95.0:0,42,found,42,42,insufficient,,,,,1.5x:insufficient;2.0x:insufficient;4.0x:insufficient,failed
loop-invariants/bin-suffix-5.yml,overflow,safe,data-dependent,1,blind,full,unbounded,,,,timeout,,,not_run,,,,,,abstain_warranted
loop-invariants/linear-inequality-inv-b.yml,reach,unsafe,input-bounded,1,blind,full,schedule,,main.0:256,256,found,256,256,works,"identical to k*, not re-run",1.0,,,,works
loop-industry-pattern/aiob_4.yml,reach,safe,data-dependent,1,blind,full,schedule,,Id_MCDC_89.0:42,42,found,42,42,works,"identical to k*, not re-run",1.0,,,,works
loop-invgen/heapsort.yml,reach,safe,mixed,2,blind,full,unbounded,,,,timeout,,,not_run,,,,,,abstain_warranted
loop-invgen/large_const.yml,reach,safe,input-bounded,2,blind,full,uniform,1,,2,found,2,4,insufficient,,,2.0,1.5,1.5x:works,failed
loop-lit/cggmp2005.yml,reach,safe,constant,1,blind,full,uniform,5,,5,found,5,5,works,"identical to k*, not re-run",1.0,,,,works
loop-lit/gj2007.yml,reach,safe,constant,1,blind,full,schedule,,main.0:101,101,found,101,101,works,"identical to k*, not re-run",1.0,,,,works
loop-invgen/sendmail-close-angle.yml,reach,safe,data-dependent,1,blind,full,uniform,1,,1,timeout,,,insufficient,,,,,1.5x:insufficient;2.0x:insufficient;4.0x:insufficient,failed
loop-lit/cggmp2005b.yml,reach,safe,mixed,3,blind,full,schedule,,main.0:102;main.1:121;main.2:1,224,found,121,12444,insufficient,,,55.554,,1.5x:insufficient;2.0x:insufficient;4.0x:insufficient,failed
loop-lit/jm2006_variant.yml,reach,safe,input-bounded,1,blind,full,uniform,1000001,,1000001,timeout,,,timeout,,,,,,verify_timeout
loop-industry-pattern/ofuf_2.yml,reach,safe,mixed,7,blind,full,uniform,5,,55,timeout,,,insufficient,,,,,1.5x:insufficient;2.0x:insufficient;4.0x:timeout,failed
loop-lit/mine2017-ex4.10.yml,reach,safe,constant,1,blind,full,uniform,26,,26,found,26,26,works,"identical to k*, not re-run",1.0,,,,works
loop-lit/mine2017-ex4.6.yml,reach,safe,constant,1,blind,full,schedule,,main.0:41,41,found,41,41,works,"identical to k*, not re-run",1.0,,,,works
loop-lit/gr2006.yml,reach,safe,data-dependent,1,blind,full,uniform,102,,102,found,101,101,works,,1.01,,,,works
loop-new/count_by_1.yml,overflow,safe,constant,1,blind,full,schedule,,main.0:1000001,1000001,timeout,,,works,,,,,,works
loop-lit/hh2012-ex3.yml,reach,safe,mixed,2,blind,full,schedule,,main.0:5;main.1:5,30,found,5,30,works,"identical to k*, not re-run",1.0,,,,works
loop-simple/nested_1.yml,reach,safe,constant,1,blind,full,schedule,,main.0:7,7,found,7,7,works,"identical to k*, not re-run",1.0,,,,works
loop-simple/nested_1.yml,overflow,safe,constant,1,blind,full,uniform,7,,7,found,7,7,works,"identical to k*, not re-run",1.0,,,,works
loop-simple/nested_2.yml,overflow,safe,constant,2,blind,full,uniform,7,,56,found,7,56,works,"identical to k*, not re-run",1.0,,,,works
loop-simple/nested_3.yml,reach,safe,constant,3,blind,full,uniform,7,,399,found,7,399,works,"identical to k*, not re-run",1.0,,,,works
loop-simple/nested_4.yml,reach,safe,constant,4,blind,full,uniform,7,,2800,found,7,2800,works,"identical to k*, not re-run",1.0,,,,works
loop-simple/nested_5.yml,reach,safe,constant,5,blind,full,uniform,7,,19607,found,7,19607,works,"identical to k*, not re-run",1.0,,,,works
loop-simple/deep-nested.yml,reach,unsafe,constant,5,blind,full,schedule,,main.0:4294967294;main.1:4294967294;main.2:4294967294;main.3:4294967294;main.4:4294967294,1461501634268361618529768023391383305105499488234,timeout,,,timeout,,,,,,verify_timeout
loop-simple/nested_6.yml,reach,safe,constant,6,blind,full,schedule,,main.0:7;main.1:7;main.2:7;main.3:7;main.4:7;main.5:7,137256,found,7,137256,works,"identical to k*, not re-run",1.0,,,,works
loop-zilu/benchmark14_linear.yml,overflow,safe,input-bounded,1,blind,full,schedule,,main.0:201,201,found,201,201,works,"identical to k*, not re-run",1.0,,,,works
loop-zilu/benchmark07_linear.yml,overflow,unsafe,input-bounded,1,blind,full,uniform,1,,1,found,10,10,insufficient,,,10.0,,1.5x:insufficient;2.0x:insufficient;4.0x:insufficient,failed
loop-zilu/benchmark10_conjunctive.yml,reach,safe,input-bounded,1,blind,full,schedule,,main.0:101,101,found,101,101,works,"identical to k*, not re-run",1.0,,,,works
loop-zilu/benchmark20_conjunctive.yml,overflow,safe,input-bounded,1,blind,full,uniform,101,,101,found,101,101,works,"identical to k*, not re-run",1.0,,,,works
loop-zilu/benchmark23_conjunctive.yml,overflow,safe,input-bounded,1,blind,full,uniform,101,,101,found,101,101,works,"identical to k*, not re-run",1.0,,,,works
loop-zilu/benchmark25_linear.yml,overflow,safe,input-bounded,1,blind,full,unbounded,,,,timeout,,,not_run,,,,,,abstain_warranted
loop-zilu/benchmark33_linear.yml,overflow,safe,input-bounded,1,blind,full,schedule,,main.0:101,101,found,101,101,works,"identical to k*, not re-run",1.0,,,,works
loop-zilu/benchmark35_linear.yml,reach,safe,input-bounded,1,blind,full,uniform,11,,11,found,11,11,works,"identical to k*, not re-run",1.0,,,,works
loop-zilu/benchmark52_polynomial.yml,reach,safe,input-bounded,1,blind,full,uniform,20,,20,found,20,20,works,"identical to k*, not re-run",1.0,,,,works
loops/array-1.yml,reach,safe,constant,1,blind,full,uniform,2,,2,found,2,2,works,"identical to k*, not re-run",1.0,,,,works
loops/eureka_01-2.yml,reach,safe,constant,5,blind,full,schedule,,main.0:6;main.1:6;main.2:21;main.3:21;main.4:6,180,found,21,165,insufficient,,,,4.0,1.5x:insufficient;2.0x:insufficient;4.0x:works,failed
loops/array-2.yml,reach,unsafe,constant,1,blind,full,uniform,2,,2,found,2,2,works,"identical to k*, not re-run",1.0,,,,works
loops/matrix-1.yml,reach,safe,constant,2,blind,full,uniform,2,,6,found,2,6,works,"identical to k*, not re-run",1.0,,,,works
loops/invert_string-3.yml,reach,safe,constant,3,blind,full,uniform,6,,18,found,6,18,works,"identical to k*, not re-run",1.0,,,,works
loops/eureka_05.yml,reach,safe,constant,4,blind,full,schedule,,SelectionSort.0:6;SelectionSort.1:5;main.0:6;main.1:6,47,found,6,48,insufficient,,,1.021,1.5,1.5x:works,failed
loops/sum03-1.yml,reach,unsafe,data-dependent,1,blind,full,uniform,11,,11,found,11,11,works,"identical to k*, not re-run",1.0,,,,works
loops/string-2.yml,reach,unsafe,mixed,5,blind,full,schedule,,main.0:6;main.1:6;main.2:5;main.3:5;main.4:21,43,found,11,33,works,reach_error.assertion.1,1.303,,,,works
loops/sum04-1.yml,reach,unsafe,constant,1,blind,full,schedule,,main.0:9,9,found,9,9,works,"identical to k*, not re-run",1.0,,,,works
loops/sum04-2.yml,overflow,safe,constant,1,blind,full,uniform,9,,9,found,9,9,works,"identical to k*, not re-run",1.0,,,,works
loops/veris.c_NetBSD-libc_loop.yml,reach,safe,data-dependent,1,blind,full,uniform,3,,3,found,3,3,works,"identical to k*, not re-run",1.0,,,,works
loops/lu.cmp.yml,reach,safe,mixed,11,blind,full,schedule,,ludcmp.0:6;ludcmp.1:6;ludcmp.2:5;ludcmp.3:6;ludcmp.4:6;ludcmp.5:6;ludcmp.6:6;ludcmp.7:6;ludcmp.8:6;main.0:7;main.1:7,614,found,7,614,insufficient,,,,1.5,1.5x:works,failed
loops/veris.c_NetBSD-libc_loop.yml,memsafety,safe,data-dependent,1,blind,full,uniform,3,,3,found,3,3,works,"identical to k*, not re-run",1.0,,,,works
loops/verisec_NetBSD-libc_loop.yml,reach,unsafe,data-dependent,1,blind,full,uniform,3,,3,found,3,3,works,"identical to k*, not re-run",1.0,,,,works
loops/s3.yml,overflow,unsafe,data-dependent,1,blind,full,unbounded,,,,found,15,15,not_run,,,,,,abstain_unwarranted
memsafety-bftpd/bftpd_1.yml,memsafety,safe,constant,1,blind,full,uniform,3,,3,found,3,3,works,"identical to k*, not re-run",1.0,,,,works
memsafety-bftpd/bftpd_3.yml,overflow,safe,constant,1,blind,full,uniform,3,,3,found,3,3,works,"identical to k*, not re-run",1.0,,,,works
memsafety-bftpd/bftpd_3.yml,memsafety,unsafe,constant,1,blind,full,schedule,,parse_input.0:3,3,found,3,3,works,"identical to k*, not re-run",1.0,,,,works
memory-model/2SB.yml,reach,unsafe,mixed,7,blind,full,schedule,,check_buffer.0:3;initHistory.0:10;initWriteBuffer.0:3;main.0:7;randomise_input.0:10;randomise_input.1:10;store_buffering_2_assertions.0:10,53,timeout,,,no_violation,,,,,1.5x:no_violation;2.0x:no_violation;4.0x:no_violation,failed
memsafety-broom/sll-nested-sll-lst-data.yml,memsafety,safe,data-dependent,6,blind,full,unbounded,,,,found,15,78,not_run,,,,,,abstain_unwarranted
memsafety-broom/sll-nested-sll-inline.yml,memsafety,safe,data-dependent,7,blind,full,unbounded,,,,found,15,571,not_run,,,,,,abstain_unwarranted
memsafety-broom/sll-nested-sll-twice.yml,memsafety,safe,data-dependent,6,blind,full,unbounded,,,,found,11,54,not_run,,,,,,abstain_unwarranted
memsafety-broom/sll-nested-sll.yml,memsafety,safe,data-dependent,6,blind,full,unbounded,,,,found,15,78,not_run,,,,,,abstain_unwarranted
memsafety-broom/sll-shared-sll-before.yml,memsafety,safe,data-dependent,4,blind,full,unbounded,,,,found,127,506,not_run,,,,,,abstain_unwarranted
memsafety-broom/sll-shared-sll-after.yml,memsafety,safe,data-dependent,5,blind,full,unbounded,,,,found,127,635,not_run,,,,,,abstain_unwarranted
memsafety-broom/sll-shared-sll.yml,memsafety,safe,data-dependent,5,blind,full,unbounded,,,,found,127,629,not_run,,,,,,abstain_unwarranted
memsafety-cve/gpac_12.yml,memsafety,unsafe,mixed,2,blind,full,schedule,,gf_bs_read_int.0:9;main.0:17,26,found,17,26,works,"identical to k*, not re-run",1.0,,,,works
memsafety-cve/dlt-daemon.yml,memsafety,unsafe,mixed,7,blind,full,unbounded,,,,timeout,,,not_run,,,,,,abstain_warranted
memsafety-cve/gpac_7.yml,memsafety,unsafe,input-bounded,2,blind,full,schedule,,main.0:2;main.1:65,195,timeout,,,insufficient,,,,,1.5x:insufficient;2.0x:no_violation;4.0x:no_violation,failed
memsafety-cve/gpac_14.yml,memsafety,unsafe,mixed,5,blind,full,schedule,,gf_bs_read_int.0:4;gf_hevc_read_vps_bs_internal.0:1;gf_hevc_read_vps_bs_internal.1:5;gf_hevc_read_vps_bs_internal.2:1;gf_hevc_read_vps_bs_internal.3:5,24,found,6,75,insufficient,,,3.125,,1.5x:insufficient;2.0x:insufficient;4.0x:insufficient,failed
memsafety-cve/libsndfile.yml,overflow,unsafe,mixed,4,blind,full,uniform,9,,36,found,9,9,works,"identical to k*, not re-run",4.0,,,,works
memsafety-cve/hyperkit_1Fixed.yml,memsafety,safe,mixed,6,blind,full,schedule,,getNumberInRange.0:0;getRandomByteStream.0:0;getRandomString.0:0;getRandomStringFixedSize.0:0;iovec_pull.0:33;vq_getchain.0:33,66,found,33,66,works,"identical to k*, not re-run",1.0,,,,works
memsafety-ext3/derefAfterFree2.yml,memsafety,unsafe,constant,1,blind,full,uniform,7,,7,found,11,11,insufficient,,,1.571,1.5,1.5x:works,failed
memsafety-ext3/getNumbers1-2.yml,overflow,safe,constant,2,blind,full,uniform,11,,22,found,11,22,works,"identical to k*, not re-run",1.0,,,,works
memsafety-ext3/getNumbers2.yml,memsafety,unsafe,constant,2,blind,full,uniform,11,,22,found,11,22,works,"identical to k*, not re-run",1.0,,,,works
memsafety-cve/openrazerFound.yml,memsafety,unsafe,mixed,5,blind,full,unbounded,,,,timeout,,,not_run,,,,,,abstain_warranted
memsafety-ext3/getNumbers3.yml,overflow,safe,constant,1,blind,full,uniform,11,,11,found,11,11,works,"identical to k*, not re-run",1.0,,,,works
memsafety-ext3/getNumbers4-1.yml,memsafety,safe,constant,5,blind,full,uniform,11,,55,found,11,55,works,"identical to k*, not re-run",1.0,,,,works
memsafety-ext3/getNumbers1-1.yml,memsafety,unsafe,constant,2,blind,full,uniform,10,,20,found,11,22,insufficient,,,1.1,1.5,1.5x:works,failed
memsafety-cve/radare2Fixed.yml,memsafety,safe,mixed,4,blind,full,schedule,,getNumberInRange.0:0;getRandomByteStream.0:0;getRandomString.0:0;getRandomStringFixedSize.0:11,11,found,11,26,insufficient,,,2.364,,1.5x:insufficient;2.0x:insufficient;4.0x:insufficient,failed
memsafety-ext3/realloc1.yml,memsafety,unsafe,constant,1,blind,full,uniform,11,,11,found,11,11,works,"identical to k*, not re-run",1.0,,,,works
memsafety-ext3/scopes3.yml,memsafety,unsafe,constant,1,blind,full,schedule,,main.0:11,11,found,11,11,works,"identical to k*, not re-run",1.0,,,,works
memsafety-ext3/getNumbers4-2.yml,memsafety,unsafe,constant,5,blind,full,schedule,,getNumbers.0:10;getNumbers2.0:10;getNumbers3.0:10;getNumbers4.0:1;main.0:1,32,found,11,55,insufficient,,,1.719,,1.5x:insufficient;2.0x:insufficient;4.0x:insufficient,failed
memsafety/20020406-1.yml,memsafety,unsafe,data-dependent,2,blind,full,uniform,1,,2,found,1,2,works,"identical to k*, not re-run",1.0,,,,works
memsafety/20051113-1.yml,overflow,safe,data-dependent,2,blind,full,uniform,4,,8,found,4,8,works,"identical to k*, not re-run",1.0,,,,works
memsafety/960521-1-3.yml,memsafety,unsafe,constant,2,blind,full,schedule,,foo.0:129;foo.1:128,257,found,129,257,works,"identical to k*, not re-run",1.0,,,,works
memsafety/test-0504.yml,memsafety,safe,data-dependent,4,blind,full,unbounded,,,,found,16,482,not_run,,,,,,abstain_unwarranted
memsafety/960521-1-1.yml,memsafety,unsafe,constant,2,blind,full,schedule,,foo.0:129;foo.1:128,257,found,129,257,works,"identical to k*, not re-run",1.0,,,,works
memsafety/lockfree-3.1.yml,memsafety,unsafe,data-dependent,2,blind,full,schedule,,main.0:6;main.1:0,6,timeout,,,insufficient,,,,,1.5x:insufficient;2.0x:insufficient;4.0x:insufficient,failed
nla-digbench-scaling/dijkstra-u_valuebound1.yml,overflow,safe,data-dependent,2,blind,full,uniform,2,,4,found,2,4,works,"identical to k*, not re-run",1.0,,,,works
nla-digbench-scaling/cohendiv-ll_valuebound2.yml,reach,safe,data-dependent,2,blind,full,uniform,2,,6,found,2,6,works,"identical to k*, not re-run",1.0,,,,works
nla-digbench-scaling/divbin_valuebound1.yml,reach,safe,data-dependent,2,blind,full,uniform,2,,4,found,2,4,works,"identical to k*, not re-run",1.0,,,,works
nla-digbench-scaling/egcd-ll_valuebound2.yml,overflow,safe,data-dependent,1,blind,full,schedule,,main.0:3,3,found,2,2,works,,1.5,,,,works
nla-digbench-scaling/geo2-ll_valuebound2.yml,overflow,safe,data-dependent,1,blind,full,uniform,2,,2,found,2,2,works,"identical to k*, not re-run",1.0,,,,works
nla-digbench-scaling/geo1-ll_valuebound2.yml,reach,safe,data-dependent,1,blind,full,uniform,2,,2,found,2,2,works,"identical to k*, not re-run",1.0,,,,works
nla-digbench-scaling/hard-u_valuebound1.yml,overflow,safe,data-dependent,2,blind,full,uniform,2,,4,found,2,4,works,"identical to k*, not re-run",1.0,,,,works
nla-digbench-scaling/lcm2_valuebound2.yml,overflow,safe,data-dependent,1,blind,full,uniform,3,,3,found,2,2,works,,1.5,,,,works
nla-digbench-scaling/prod4br-ll_valuebound1.yml,overflow,safe,data-dependent,1,blind,full,schedule,,main.0:3,3,found,2,2,works,,1.5,,,,works
nla-digbench-scaling/ps2-ll_valuebound1.yml,overflow,safe,data-dependent,1,blind,full,uniform,2,,2,found,2,2,works,"identical to k*, not re-run",1.0,,,,works
nla-digbench-scaling/hard-ll_valuebound1.yml,reach,safe,data-dependent,2,blind,full,uniform,2,,4,found,2,4,works,"identical to k*, not re-run",1.0,,,,works
nla-digbench-scaling/ps4-ll_valuebound1.yml,reach,safe,data-dependent,1,blind,full,uniform,2,,2,found,2,2,works,"identical to k*, not re-run",1.0,,,,works
nla-digbench-scaling/ps5-ll_valuebound1.yml,overflow,safe,data-dependent,1,blind,full,uniform,2,,2,found,2,2,works,"identical to k*, not re-run",1.0,,,,works
nla-digbench-scaling/sqrt1-ll_valuebound1.yml,reach,safe,data-dependent,1,blind,full,schedule,,main.0:3,3,found,2,2,works,,1.5,,,,works
nla-digbench-scaling/knuth_valuebound20.yml,reach,safe,data-dependent,1,blind,full,uniform,2,,2,found,2,2,works,"identical to k*, not re-run",1.0,,,,works
nla-digbench/hard2.yml,overflow,unsafe,data-dependent,2,blind,full,uniform,31,,62,timeout,,,insufficient,,,,,1.5x:insufficient;2.0x:insufficient;4.0x:insufficient,failed
nla-digbench/egcd3.yml,overflow,unsafe,data-dependent,3,blind,full,schedule,,main.0:2;main.1:2;main.2:2,14,timeout,,,insufficient,,,,,1.5x:timeout;2.0x:timeout;4.0x:timeout,failed
nla-digbench/ps5-ll.yml,reach,safe,data-dependent,1,blind,full,uniform,257,,257,found,257,257,works,"identical to k*, not re-run",1.0,,,,works
nla-digbench/ps5-ll.yml,overflow,safe,data-dependent,1,blind,full,uniform,257,,257,found,257,257,works,"identical to k*, not re-run",1.0,,,,works
nla-digbench/ps6-ll.yml,overflow,safe,data-dependent,1,blind,full,schedule,,main.0:257,257,found,257,257,works,"identical to k*, not re-run",1.0,,,,works
nla-digbench/ps6-ll.yml,reach,safe,data-dependent,1,blind,full,uniform,257,,257,found,257,257,works,"identical to k*, not re-run",1.0,,,,works
ntdrivers/parport.i.cil-2.yml,reach,safe,mixed,38,blind,full,uniform,1,,38,found,5,230,insufficient,,,6.053,,1.5x:insufficient;2.0x:insufficient;4.0x:insufficient,failed
openssl-simplified/s3_clnt_3.cil-1.yml,overflow,unsafe,data-dependent,1,blind,full,unbounded,,,,found,15,15,not_run,,,,,,abstain_unwarranted
openssl-simplified/s3_clnt_3.cil-2.yml,overflow,unsafe,data-dependent,1,blind,full,schedule,,ssl3_connect.0:1,1,found,15,15,insufficient,,,15.0,,1.5x:insufficient;2.0x:insufficient;4.0x:insufficient,failed
openssl-simplified/s3_clnt_2.cil-1.yml,overflow,unsafe,data-dependent,1,blind,full,uniform,12,,12,found,15,15,insufficient,,,1.25,1.5,1.5x:works,failed
openssl-simplified/s3_clnt_3.cil-3.yml,overflow,unsafe,data-dependent,1,blind,full,schedule,,ssl3_connect.0:25,25,found,15,15,works,ssl3_connect.overflow.1,1.667,,,,works
openssl/s3_clnt.blast.01.i.cil-1.yml,overflow,unsafe,data-dependent,1,blind,full,unbounded,,,,found,15,15,not_run,,,,,,abstain_unwarranted
openssl/s3_clnt.blast.04.i.cil-1.yml,overflow,unsafe,data-dependent,1,blind,full,unbounded,,,,found,15,15,not_run,,,,,,abstain_unwarranted
reducercommutativity/max05-1.yml,reach,safe,constant,3,blind,full,schedule,,main.0:6;main.1:5;max.0:6,17,found,6,17,works,"identical to k*, not re-run",1.0,,,,works
reducercommutativity/max05-1.yml,overflow,safe,constant,3,blind,full,uniform,6,,18,found,6,17,works,"identical to k*, not re-run",1.059,,,,works
openssl-simplified/s3_clnt_4.cil-1.yml,overflow,unsafe,data-dependent,1,blind,full,uniform,13,,13,found,15,15,insufficient,,,1.154,1.5,1.5x:works,failed
openssl/s3_clnt.blast.02.i.cil-2.yml,overflow,unsafe,data-dependent,1,blind,full,uniform,21,,21,found,15,15,works,ssl3_connect.overflow.1,1.4,,,,works
reducercommutativity/max10-1.yml,reach,safe,constant,3,blind,full,schedule,,main.0:11;main.1:10;max.0:11,32,found,11,32,works,"identical to k*, not re-run",1.0,,,,works
reducercommutativity/rangesum05.yml,reach,unsafe,constant,3,blind,full,schedule,,init_nondet.0:5;main.0:4;rangesum.0:5,14,found,6,17,insufficient,,,1.214,1.5,1.5x:works,failed
reducercommutativity/rangesum20.yml,reach,unsafe,constant,3,blind,full,schedule,,init_nondet.0:21;main.0:20;rangesum.0:21,62,found,21,62,works,"identical to k*, not re-run",1.0,,,,works
reducercommutativity/rangesum10.yml,reach,unsafe,constant,3,blind,full,schedule,,init_nondet.0:7;main.0:9;rangesum.0:7,23,found,11,32,insufficient,,,1.391,1.5,1.5x:works,failed
reducercommutativity/sep05-1.yml,overflow,safe,constant,3,blind,full,uniform,6,,18,found,6,17,works,"identical to k*, not re-run",1.059,,,,works
reducercommutativity/rangesum40.yml,reach,unsafe,constant,3,blind,full,schedule,,init_nondet.0:41;main.0:40;rangesum.0:41,122,found,41,122,works,"identical to k*, not re-run",1.0,,,,works
reducercommutativity/rangesum60.yml,reach,unsafe,constant,3,blind,full,schedule,,init_nondet.0:61;main.0:60;rangesum.0:61,182,found,61,182,works,"identical to k*, not re-run",1.0,,,,works
reducercommutativity/sep05-1.yml,reach,safe,constant,3,blind,full,schedule,,main.0:6;main.1:5;sep.0:6,17,found,6,17,works,"identical to k*, not re-run",1.0,,,,works
reducercommutativity/sep20-1.yml,reach,safe,constant,3,blind,full,schedule,,main.0:21;main.1:20;sep.0:21,62,found,21,62,works,"identical to k*, not re-run",1.0,,,,works
reducercommutativity/sep60-2.yml,reach,safe,constant,3,blind,full,schedule,,main.0:61;main.1:60;sep.0:61,182,found,61,182,works,"identical to k*, not re-run",1.0,,,,works
reducercommutativity/sep40-1.yml,reach,safe,constant,3,blind,full,schedule,,main.0:41;main.1:40;sep.0:41,122,found,41,122,works,"identical to k*, not re-run",1.0,,,,works
